ConnectionState,CpuUtilization,DnsServerList,Hostname,IpAddress,OperatingSystem,GuestState,MemCapacity,MemUsed,MemoryUtilization,vmMoid,Name,ObjectType,PowerState,vCPU_Capacity,vCPU_Used,hostMoid,hostName
connected,3.0013642,"['127.0.0.1', '172.16.10.100']",vcsa-pod1.thor.iws.navy.mil,172.16.14.121,Other 3.x or later Linux (64-bit),Running,10737418240,1824522240,16.992188,64b1546c736c6f2d30dc78fd,vcsa-pod1.thor.iws.navy.mil,virtualization.VmwareVirtualMachine,PoweredOn,4398,132,64a81cb2736c6f2d30dc35b4,172.16.14.21
connected,0,"['8.8.8.8', '8.8.4.4', '2001:4860:4860::8888', '2001:4860:4860::8844']",photon3-hdcs,,Other 3.x or later Linux (64-bit),Running,134217728,20971520,15.625,64a81cb8736c6f2d30dc3992,vCLS-16f9413a-d293-4dce-bf1d-c052006652ab,virtualization.VmwareVirtualMachine,PoweredOn,2199,0,64a81cb2736c6f2d30dc35b4,172.16.14.21
connected,9.004093,['172.16.10.100'],ltrato-3001-ctrl-worker63fd094673,172.16.14.202,Ubuntu Linux (64-bit),Running,8589934592,686817280,7.9956055,64a81cb8736c6f2d30dc3978,ltrato-3001-ctrl-worker63fd094673,virtualization.VmwareVirtualMachine,PoweredOn,4398,396,64a81cb2736c6f2d30dc35b4,172.16.14.21
connected,11.50523,['172.16.10.100'],ltrato-3001-dev-node-group-029cd77762,172.16.14.237,Ubuntu Linux (64-bit),Running,17179869184,686817280,3.9978027,64a81cb8736c6f2d30dc3948,ltrato-3001-dev-node-group-029cd77762,virtualization.VmwareVirtualMachine,PoweredOn,4398,506,64a81cb2736c6f2d30dc35b4,172.16.14.21
connected,16.549189,"['172.16.10.100', '172.16.20.101']",dev-intersight.thor.iws.navy.mil,172.16.14.105,CentOS 4/5/6/7 (64-bit),Running,68719476736,10994319360,15.99884,64a81cb8736c6f2d30dc3944,dev-intersight,virtualization.VmwareVirtualMachine,PoweredOn,52776,8734,64a81cb2736c6f2d30dc35b4,172.16.14.21
connected,7.503411,['172.16.10.100'],ltrato-3001-dev-node-group-c20379eeda,172.16.14.211,Ubuntu Linux (64-bit),Running,17179869184,514850816,2.9968262,64a81cb8736c6f2d30dc391c,ltrato-3001-dev-node-group-c20379eeda,virtualization.VmwareVirtualMachine,PoweredOn,4398,330,64a81cb2736c6f2d30dc35b4,172.16.14.21
connected,1.0004548,['172.16.20.101'],localhost.thor.iws.navy.mil,172.0.4.20,VMware ESXi 6.5 or later,Running,8589934592,84934656,0.98876953,64a81cb8736c6f2d30dc3912,esxi-pod4,virtualization.VmwareVirtualMachine,PoweredOn,4398,44,64a81cb2736c6f2d30dc35b4,172.16.14.21
connected,6.0027285,['172.16.10.100'],ltrato-3001-ctrl-master183d867ec4,172.16.14.201,Ubuntu Linux (64-bit),Running,8589934592,600834048,6.994629,64a81cb8736c6f2d30dc3918,ltrato-3001-ctrl-master183d867ec4,virtualization.VmwareVirtualMachine,PoweredOn,4398,264,64a81cb2736c6f2d30dc35b4,172.16.14.21
connected,1.0004548,['172.16.20.101'],localhost.thor.iws.navy.mil,172.0.3.20,VMware ESXi 6.5 or later,Running,8589934592,84934656,0.98876953,64a81cb8736c6f2d30dc3900,esxi-pod3,virtualization.VmwareVirtualMachine,PoweredOn,4398,44,64a81cb2736c6f2d30dc35b4,172.16.14.21
connected,1.0004548,['172.16.20.101'],localhost.thor.iws.navy.mil,172.0.5.20,VMware ESXi 6.5 or later,Running,8589934592,84934656,0.98876953,64a81cb8736c6f2d30dc38e6,esxi-pod5,virtualization.VmwareVirtualMachine,PoweredOn,4398,44,64a81cb2736c6f2d30dc35b4,172.16.14.21
connected,1.0004548,['172.16.20.101'],localhost.thor.iws.navy.mil,172.0.7.20,VMware ESXi 6.5 or later,Running,8589934592,84934656,0.98876953,64a81cb8736c6f2d30dc38ec,esxi-pod7,virtualization.VmwareVirtualMachine,PoweredOn,4398,44,64a81cb2736c6f2d30dc35b4,172.16.14.21
connected,8.003638,['172.16.10.100'],ubuntu-pod2,172.0.2.1,Ubuntu Linux (64-bit),Running,4294967296,41943040,0.9765625,64a81cb8736c6f2d30dc38d4,ubuntu-pod2,virtualization.VmwareVirtualMachine,PoweredOn,2199,176,64a81cb2736c6f2d30dc35b4,172.16.14.21
connected,24.135971,['172.16.20.101'],SpringpathController5QMG4Q02J3,172.16.14.11,Ubuntu Linux (64-bit),Running,60129542144,45097156608,75,64a81cb8736c6f2d30dc38b0,stCtlVM-WMP251000LX,virtualization.VmwareVirtualMachine,PoweredOn,17592,4246,64a81cb2736c6f2d30dc35b4,172.16.14.21
connected,33.077534,"['172.0.1.90', '172.0.1.91', '172.0.1.92']",ND-NDI-03,172.0.1.92,Other (32-bit),Running,68719476736,10994319360,15.99884,6637cc41736c6f301f4df96f,nd-ndi-3.1.1k-dev-03,virtualization.VmwareVirtualMachine,PoweredOn,35184,11638,64a81cb2736c6f2d30dc35b4,172.16.14.21
connected,0,['172.16.10.100'],ubuntu-pod3,172.0.3.1,Ubuntu Linux (64-bit),Running,4294967296,127926272,2.9785156,664ba705736c6f301fde6317,ubuntu-pod3,virtualization.VmwareVirtualMachine,PoweredOn,2199,0,64a81cb2736c6f2d30dc35b4,172.16.14.21
connected,1.2505684,"['172.31.136.4', '10.195.200.67']",localhost.localdomain,192.168.10.254,Ubuntu Linux (64-bit),Running,34359738368,1373634560,3.9978027,66187238736c6f301f3ebeff,acisim-6.0-5h-pod11,virtualization.VmwareVirtualMachine,PoweredOn,26388,330,64a81cb2736c6f2d30dc35b4,172.16.14.21
connected,2.167652,"['172.31.136.4', '10.195.200.67']",localhost.localdomain,192.168.10.254,Ubuntu Linux (64-bit),Running,34359738368,1373634560,3.9978027,66187229736c6f301f3ebec1,acisim-6.0-5h-pod9,virtualization.VmwareVirtualMachine,PoweredOn,26388,572,64a81cb2736c6f2d30dc35b4,172.16.14.21
connected,2.2510233,"['172.31.136.4', '10.195.200.67']",localhost.localdomain,192.168.10.254,Ubuntu Linux (64-bit),Running,34359738368,1030750208,2.999878,66187229736c6f301f3ebebd,acisim-6.0-5h-pod7,virtualization.VmwareVirtualMachine,PoweredOn,26388,594,64a81cb2736c6f2d30dc35b4,172.16.14.21
connected,2.3343945,"['172.31.136.4', '10.195.200.67']",localhost.localdomain,192.168.10.254,Ubuntu Linux (64-bit),Running,34359738368,1030750208,2.999878,66187229736c6f301f3ebeb3,acisim-6.0-5h-pod2,virtualization.VmwareVirtualMachine,PoweredOn,26388,616,64a81cb2736c6f2d30dc35b4,172.16.14.21
connected,4.5020466,['172.16.20.101'],localhost.thor.iws.navy.mil,172.0.1.20,VMware ESXi 6.5 or later,Running,8589934592,84934656,0.98876953,64a81cb8736c6f2d30dc38e8,esxi-pod1,virtualization.VmwareVirtualMachine,PoweredOn,4398,198,64a81cb2736c6f2d30dc35b4,172.16.14.21
connected,2.0009096,['127.0.0.53'],visionems,172.16.14.45,Ubuntu Linux (64-bit),Running,32212254720,1287651328,3.9973958,6717ca5b736c6f301f74537e,pca-orchestrator-v2,virtualization.VmwareVirtualMachine,PoweredOn,13194,264,64a81cb2736c6f2d30dc35b4,172.16.14.21
connected,0,[],sna-flowcollector,,Debian GNU/Linux 10 (64-bit),NotRunning,34359738368,0,0,64a81cb8736c6f2d30dc394e,SecureNetworkAnalytics_FlowCollector,virtualization.VmwareVirtualMachine,PoweredOff,4398,0,64a81cb2736c6f2d30dc35b4,172.16.14.21
connected,0,[],StealthWatch,,Debian GNU/Linux 11 (64-bit),NotRunning,17179869184,0,0,66056b54736c6f301f3e0690,SNA-7.5-SMC,virtualization.VmwareVirtualMachine,PoweredOff,13194,0,64a81cb2736c6f2d30dc35b4,172.16.14.21
connected,0,[],,,Red Hat Enterprise Linux 6 (64-bit),NotRunning,34359738368,0,0,64a81cb8736c6f2d30dc3928,acisim-5.2-1g-pod11,virtualization.VmwareVirtualMachine,PoweredOff,26388,0,64a81cb2736c6f2d30dc35b4,172.16.14.21
connected,0,[],,,Red Hat Enterprise Linux 6 (64-bit),NotRunning,34359738368,0,0,64a81cb8736c6f2d30dc3938,acisim-5.2-1g-pod10,virtualization.VmwareVirtualMachine,PoweredOff,26388,0,64a81cb2736c6f2d30dc35b4,172.16.14.21
connected,0,[],,,Red Hat Enterprise Linux 6 (64-bit),NotRunning,34359738368,0,0,64a81cb8736c6f2d30dc3940,acisim-5.2-1g-pod1,virtualization.VmwareVirtualMachine,PoweredOff,26388,0,64a81cb2736c6f2d30dc35b4,172.16.14.21
connected,0,[],,,Red Hat Enterprise Linux 6 (64-bit),NotRunning,34359738368,0,0,64a81cb8736c6f2d30dc3920,acisim-5.2-1g-pod9,virtualization.VmwareVirtualMachine,PoweredOff,26388,0,64a81cb2736c6f2d30dc35b4,172.16.14.21
connected,0,[],,,Red Hat Enterprise Linux 6 (64-bit),NotRunning,34359738368,0,0,64a81cb8736c6f2d30dc3958,acisim-5.2-1g-pod16,virtualization.VmwareVirtualMachine,PoweredOff,26388,0,64a81cb2736c6f2d30dc35b4,172.16.14.21
connected,0,[],candid-vm,,CentOS 4/5/6 (64-bit),NotRunning,42949672960,0,0,64a81cb8736c6f2d30dc3908,DEV-NAE-2,virtualization.VmwareVirtualMachine,PoweredOff,17592,0,64a81cb2736c6f2d30dc35b4,172.16.14.21
connected,0,[],sna-flowsensor,,Debian GNU/Linux 10 (64-bit),NotRunning,17179869184,0,0,64a81cb8736c6f2d30dc390a,SecureNetworkAnalytics_FlowSensor,virtualization.VmwareVirtualMachine,PoweredOff,4398,0,64a81cb2736c6f2d30dc35b4,172.16.14.21
connected,0,[],ntnx-172-16-14-50-a-pcvm,,CentOS 4/5/6 (64-bit),NotRunning,34359738368,0,0,669714c0736c6f301fdfe6be,NTNX-pc.2022.6.0.10,virtualization.VmwareVirtualMachine,PoweredOff,21990,0,64a81cb2736c6f2d30dc35b4,172.16.14.21
connected,0,[],,,Red Hat Enterprise Linux 6 (64-bit),NotRunning,34359738368,0,0,64a81cb8736c6f2d30dc395a,acisim-5.2-1g-pod6,virtualization.VmwareVirtualMachine,PoweredOff,26388,0,64a81cb2736c6f2d30dc35b4,172.16.14.21
connected,0,[],,,Red Hat Enterprise Linux 6 (64-bit),NotRunning,34359738368,0,0,64a81cb8736c6f2d30dc3942,acisim-5.2-1g-pod7,virtualization.VmwareVirtualMachine,PoweredOff,26388,0,64a81cb2736c6f2d30dc35b4,172.16.14.21
connected,0,[],,,Red Hat Enterprise Linux 6 (64-bit),NotRunning,34359738368,0,0,64a81cb8736c6f2d30dc393a,acisim-5.2-1g-pod15,virtualization.VmwareVirtualMachine,PoweredOff,26388,0,64a81cb2736c6f2d30dc35b4,172.16.14.21
connected,0,[],pca-orchestrator,,Ubuntu Linux (64-bit),NotRunning,32212254720,0,0,664ba516736c6f301fde62e6,pca-orchestrator,virtualization.VmwareVirtualMachine,PoweredOff,13194,0,64a81cb2736c6f2d30dc35b4,172.16.14.21
connected,0.37517053,['172.16.10.100'],cml-controller,172.16.14.40,Ubuntu Linux (64-bit),Running,68719476736,686817280,0.9994507,64ff9332736c6f2d30536ced,CML_2.6.0-5,virtualization.VmwareVirtualMachine,PoweredOn,52776,198,64a81cb2736c6f2d30dc35b6,172.16.14.23
connected,6.2528424,"['172.16.20.101', '172.16.10.100']",fmc,172.16.14.89,Other 2.6.x Linux (64-bit),Running,34359738368,1373634560,3.9978027,64b06db3736c6f2d30dc7389,FMC-7.2.4,virtualization.VmwareVirtualMachine,PoweredOn,8796,550,64a81cb2736c6f2d30dc35b6,172.16.14.23
connected,6.2528424,[],,,Other 2.6.x Linux (64-bit),NotRunning,17179869184,342884352,1.9958496,64b17825736c6f2d30dc7ae4,FTDv-7.2.4-01,virtualization.VmwareVirtualMachine,PoweredOn,17592,1100,64a81cb2736c6f2d30dc35b6,172.16.14.23
connected,0,"['8.8.8.8', '8.8.4.4', '2001:4860:4860::8888', '2001:4860:4860::8844']",photon3-hdcs,,Other 3.x or later Linux (64-bit),Running,134217728,19922944,14.84375,64a81cb8736c6f2d30dc398e,vCLS-afb3bcc6-398a-44af-b51b-081ca47e4a27,virtualization.VmwareVirtualMachine,PoweredOn,2199,0,64a81cb2736c6f2d30dc35b6,172.16.14.23
connected,1.0004548,['172.16.10.100'],ltrato-3001-ctrl-worker364e3b995f,172.16.14.204,Ubuntu Linux (64-bit),Running,8589934592,342884352,3.9916992,64a81cb8736c6f2d30dc3970,ltrato-3001-ctrl-worker364e3b995f,virtualization.VmwareVirtualMachine,PoweredOn,4398,44,64a81cb2736c6f2d30dc35b6,172.16.14.23
connected,6.502956,"['127.0.0.1', '172.0.1.10']",vcsa-sandbox.thor.iws.navy.mil,172.16.14.137,Other 3.x or later Linux (64-bit),Running,12884901888,2834300928,21.99707,64a81cb8736c6f2d30dc3934,vcsa-sandbox-7.thor.iws.navy.mil,virtualization.VmwareVirtualMachine,PoweredOn,4398,286,64a81cb2736c6f2d30dc35b6,172.16.14.23
connected,0.75034106,['172.16.10.100'],ubuntu-pod1,172.0.1.1,Ubuntu Linux (64-bit),Running,34359738368,342884352,0.9979248,64a81cb8736c6f2d30dc3922,ubuntu-pod1,virtualization.VmwareVirtualMachine,PoweredOn,8796,66,64a81cb2736c6f2d30dc35b6,172.16.14.23
connected,6.7530694,['172.16.20.101'],SpringpathController94JW8X4L8V,172.16.14.13,Ubuntu Linux (64-bit),Running,60129542144,45097156608,75,64a81cb8736c6f2d30dc38ba,stCtlVM-WMP251000LH,virtualization.VmwareVirtualMachine,PoweredOn,17592,1188,64a81cb2736c6f2d30dc35b6,172.16.14.23
connected,4.835531,"['127.0.0.1', '172.16.10.100', '172.16.10.101']",sna-flowcollector,172.16.14.6,Debian GNU/Linux 11 (64-bit),Running,34359738368,3435134976,9.997559,675a38a9736c6f301f7d3a1f,SNA-7.5.1-FlowCollector,virtualization.VmwareVirtualMachine,PoweredOn,13194,638,64a81cb2736c6f2d30dc35b6,172.16.14.23
connected,30.263756,[],,,Ubuntu Linux (64-bit),NotRunning,16777216,0,0,67535206736c6f301f7d0b6b,ICS-TEST-Ubuntu,virtualization.VmwareVirtualMachine,PoweredOn,8796,2662,64a81cb2736c6f2d30dc35b6,172.16.14.23
connected,0.9448739,"['172.0.1.232', '172.16.10.100']",00-50-56-87-c0-1e,172.0.1.232,Red Hat Enterprise Linux 9 (64-bit),Running,68719476736,686817280,0.9994507,66a1a09b736c6f301ffd43df,OCP-4,virtualization.VmwareVirtualMachine,PoweredOn,39582,374,64a81cb2736c6f2d30dc35b6,172.16.14.23
connected,0.16674246,['172.16.10.100'],cml-controller-pod1,172.16.14.41,Ubuntu Linux (64-bit),Running,206158430208,2061500416,0.9999593,664cb29b736c6f301fde6742,CML_2-7-POD1,virtualization.VmwareVirtualMachine,PoweredOn,105552,176,64a81cb2736c6f2d30dc35b6,172.16.14.23
connected,0,['172.16.10.100'],ubuntu-pod4,172.0.4.1,Ubuntu Linux (64-bit),Running,4294967296,127926272,2.9785156,664ba7b9736c6f301fde6336,ubuntu-pod4,virtualization.VmwareVirtualMachine,PoweredOn,2199,0,64a81cb2736c6f2d30dc35b6,172.16.14.23
connected,1.1671972,"['172.31.136.4', '10.195.200.67']",localhost.localdomain,192.168.10.254,Ubuntu Linux (64-bit),Running,34359738368,1030750208,2.999878,66187238736c6f301f3ebf05,acisim-6.0-5h-pod14,virtualization.VmwareVirtualMachine,PoweredOn,26388,308,64a81cb2736c6f2d30dc35b6,172.16.14.23
connected,1.3339397,"['172.31.136.4', '10.195.200.67']",localhost.localdomain,192.168.10.254,Ubuntu Linux (64-bit),Running,34359738368,1717567488,4.9987793,66187229736c6f301f3ebebb,acisim-6.0-5h-pod6,virtualization.VmwareVirtualMachine,PoweredOn,26388,352,64a81cb2736c6f2d30dc35b6,172.16.14.23
connected,62.111565,"['172.31.136.4', '10.195.200.67']",localhost.localdomain,192.168.10.254,Ubuntu Linux (64-bit),Running,34359738368,5153751040,14.99939,6618721a736c6f301f3ebea2,acisim-6.0-5h-pod1,virtualization.VmwareVirtualMachine,PoweredOn,26388,16390,64a81cb2736c6f2d30dc35b6,172.16.14.23
connected,0,[],,,CentOS 4/5/6 (32-bit),NotRunning,2147483648,0,0,64a81cb8736c6f2d30dc3966,UCSPE_4.2.2aS9,virtualization.VmwareVirtualMachine,PoweredOff,2199,0,64a81cb2736c6f2d30dc35b6,172.16.14.23
connected,0,[],,,Red Hat Enterprise Linux 6 (64-bit),NotRunning,34359738368,0,0,64a81cb8736c6f2d30dc396a,acisim-5.2-1g-pod13,virtualization.VmwareVirtualMachine,PoweredOff,26388,0,64a81cb2736c6f2d30dc35b6,172.16.14.23
connected,0,[],sna-mgmt,,Debian GNU/Linux 10 (64-bit),NotRunning,68719476736,0,0,64a81cb8736c6f2d30dc3960,SecureNetworkAnalytics_MgmtConsole,virtualization.VmwareVirtualMachine,PoweredOff,17592,0,64a81cb2736c6f2d30dc35b6,172.16.14.23
connected,0,[],StealthWatch,,Debian GNU/Linux 11 (64-bit),NotRunning,17179869184,0,0,66056cf8736c6f301f3e06d7,SNA-7.5-FlowCollector,virtualization.VmwareVirtualMachine,PoweredOff,13194,0,64a81cb2736c6f2d30dc35b6,172.16.14.23
connected,0,[],,,Red Hat Enterprise Linux 6 (64-bit),NotRunning,34359738368,0,0,64a81cb8736c6f2d30dc393c,acisim-5.2-1g-pod12,virtualization.VmwareVirtualMachine,PoweredOff,26388,0,64a81cb2736c6f2d30dc35b6,172.16.14.23
connected,0,[],clustervm2-nodeb,,CentOS 4/5/6 (64-bit),NotRunning,42949672960,0,0,64acad74736c6f2d30dc5e84,NAE-03,virtualization.VmwareVirtualMachine,PoweredOff,17592,0,64a81cb2736c6f2d30dc35b6,172.16.14.23
connected,0,[],clustervm1-nodea,,CentOS 4/5/6 (64-bit),NotRunning,42949672960,0,0,64acad2e736c6f2d30dc5e74,NAE-02,virtualization.VmwareVirtualMachine,PoweredOff,17592,0,64a81cb2736c6f2d30dc35b6,172.16.14.23
connected,0,[],,,Other 3.x or later Linux (64-bit),NotRunning,4294967296,0,0,64a81cb8736c6f2d30dc398c,pod11-8000v,virtualization.VmwareVirtualMachine,PoweredOff,2199,0,64a81cb2736c6f2d30dc35b6,172.16.14.23
connected,0,[],,,Other 3.x or later Linux (64-bit),NotRunning,4294967296,0,0,64a81cb8736c6f2d30dc398a,pod2-8000v,virtualization.VmwareVirtualMachine,PoweredOff,2199,0,64a81cb2736c6f2d30dc35b6,172.16.14.23
connected,0,[],,,Other 3.x or later Linux (64-bit),NotRunning,4294967296,0,0,64a81cb8736c6f2d30dc3988,pod5-8000v,virtualization.VmwareVirtualMachine,PoweredOff,2199,0,64a81cb2736c6f2d30dc35b6,172.16.14.23
connected,0,[],,,Other 3.x or later Linux (64-bit),NotRunning,4294967296,0,0,64a81cb8736c6f2d30dc3986,pod14-8000v,virtualization.VmwareVirtualMachine,PoweredOff,2199,0,64a81cb2736c6f2d30dc35b6,172.16.14.23
connected,0,[],,,Other 3.x or later Linux (64-bit),NotRunning,4294967296,0,0,64a81cb8736c6f2d30dc3984,pod6-8000v,virtualization.VmwareVirtualMachine,PoweredOff,2199,0,64a81cb2736c6f2d30dc35b6,172.16.14.23
connected,0,[],,,Other 3.x or later Linux (64-bit),NotRunning,4294967296,0,0,64a81cb8736c6f2d30dc3982,pod12-8000v,virtualization.VmwareVirtualMachine,PoweredOff,2199,0,64a81cb2736c6f2d30dc35b6,172.16.14.23
connected,0,[],,,Other 3.x or later Linux (64-bit),NotRunning,4294967296,0,0,64a81cb8736c6f2d30dc397c,pod8-8000v,virtualization.VmwareVirtualMachine,PoweredOff,2199,0,64a81cb2736c6f2d30dc35b6,172.16.14.23
connected,0,[],,,CentOS 4/5/6 (64-bit),NotRunning,137438953472,0,0,64a81cb8736c6f2d30dc397a,M-CWOM-3.5-TEST,virtualization.VmwareVirtualMachine,PoweredOff,17592,0,64a81cb2736c6f2d30dc35b6,172.16.14.23
connected,0,[],,,Ubuntu Linux (64-bit),NotRunning,8589934592,0,0,64a81cb8736c6f2d30dc3972,kcp-vm-7.0.0,virtualization.VmwareVirtualMachine,PoweredOff,6597,0,64a81cb2736c6f2d30dc35b6,172.16.14.23
connected,0,[],,,Red Hat Enterprise Linux 6 (64-bit),NotRunning,34359738368,0,0,64a81cb8736c6f2d30dc3954,acisim-5.2-1g-pod5,virtualization.VmwareVirtualMachine,PoweredOff,26388,0,64a81cb2736c6f2d30dc35b6,172.16.14.23
connected,0,[],,,Red Hat Enterprise Linux 8 (64-bit),NotRunning,8589934592,0,0,64a81cb8736c6f2d30dc3946,BP-RancherCP-agent-002,virtualization.VmwareVirtualMachine,PoweredOff,8796,0,64a81cb2736c6f2d30dc35b6,172.16.14.23
connected,0,[],,,Red Hat Enterprise Linux 6 (64-bit),NotRunning,34359738368,0,0,64a81cb8736c6f2d30dc393e,acisim-5.2-1g-pod4,virtualization.VmwareVirtualMachine,PoweredOff,26388,0,64a81cb2736c6f2d30dc35b6,172.16.14.23
connected,0,[],,,Red Hat Enterprise Linux 6 (64-bit),NotRunning,34359738368,0,0,64a81cb8736c6f2d30dc3936,acisim-5.2-1g-pod14,virtualization.VmwareVirtualMachine,PoweredOff,26388,0,64a81cb2736c6f2d30dc35b6,172.16.14.23
connected,0,[],,,CentOS 4/5 (64-bit),NotRunning,17179869184,0,0,64a81cb8736c6f2d30dc3930,CUCSD_6_8_1_0,virtualization.VmwareVirtualMachine,PoweredOff,8796,0,64a81cb2736c6f2d30dc35b6,172.16.14.23
connected,0,[],pod10-8000v,,Other 3.x or later Linux (64-bit),NotRunning,4294967296,0,0,64a81cb8736c6f2d30dc390e,pod10-8000v,virtualization.VmwareVirtualMachine,PoweredOff,2199,0,64a81cb2736c6f2d30dc35b6,172.16.14.23
connected,0,[],,,Other 3.x or later Linux (64-bit),NotRunning,4294967296,0,0,64a81cb8736c6f2d30dc38fc,pod3-8000v,virtualization.VmwareVirtualMachine,PoweredOff,2199,0,64a81cb2736c6f2d30dc35b6,172.16.14.23
connected,0,[],,,Other 3.x or later Linux (64-bit),NotRunning,4294967296,0,0,64a81cb8736c6f2d30dc38fa,pod16-8000v,virtualization.VmwareVirtualMachine,PoweredOff,2199,0,64a81cb2736c6f2d30dc35b6,172.16.14.23
connected,0,[],,,Ubuntu Linux (64-bit),NotRunning,8589934592,0,0,64a81cb8736c6f2d30dc38f8,tmpl-ubuntu.20.04.server,virtualization.VmwareVirtualMachine,PoweredOff,4398,0,64a81cb2736c6f2d30dc35b6,172.16.14.23
connected,0,[],,,Other 3.x or later Linux (64-bit),NotRunning,4294967296,0,0,64a81cb8736c6f2d30dc38f4,pod9-8000v,virtualization.VmwareVirtualMachine,PoweredOff,2199,0,64a81cb2736c6f2d30dc35b6,172.16.14.23
connected,0,[],,,Other 3.x or later Linux (64-bit),NotRunning,4294967296,0,0,64a81cb8736c6f2d30dc38ee,pod13-8000v,virtualization.VmwareVirtualMachine,PoweredOff,2199,0,64a81cb2736c6f2d30dc35b6,172.16.14.23
connected,0,[],,,Other 3.x or later Linux (64-bit),NotRunning,4294967296,0,0,64a81cb8736c6f2d30dc38ea,pod15-8000v,virtualization.VmwareVirtualMachine,PoweredOff,2199,0,64a81cb2736c6f2d30dc35b6,172.16.14.23
connected,0,[],,,Other 3.x or later Linux (64-bit),NotRunning,4294967296,0,0,64a81cb8736c6f2d30dc38e4,pod1-8000v,virtualization.VmwareVirtualMachine,PoweredOff,2199,0,64a81cb2736c6f2d30dc35b6,172.16.14.23
connected,0,[],,,Red Hat Enterprise Linux 8 (64-bit),NotRunning,8589934592,0,0,64a81cb8736c6f2d30dc38d8,BP-RancherCP-server-001,virtualization.VmwareVirtualMachine,PoweredOff,8796,0,64a81cb2736c6f2d30dc35b6,172.16.14.23
connected,0,[],,,CentOS 4/5/6 (64-bit),NotRunning,137438953472,0,0,64a81cb8736c6f2d30dc38d2,M-CWOM-3.5,virtualization.VmwareVirtualMachine,PoweredOff,17592,0,64a81cb2736c6f2d30dc35b6,172.16.14.23
connected,0,[],,,Other 3.x or later Linux (64-bit),NotRunning,4294967296,0,0,64a81cb8736c6f2d30dc38d0,c8000v-vga.17.08.01a,virtualization.VmwareVirtualMachine,PoweredOff,4398,0,64a81cb2736c6f2d30dc35b6,172.16.14.23
connected,0,[],,,Other (64-bit),NotRunning,8589934592,0,0,64a81cb8736c6f2d30dc38ce,nexus9500v.9.3.9,virtualization.VmwareVirtualMachine,PoweredOff,8796,0,64a81cb2736c6f2d30dc35b6,172.16.14.23
connected,0,[],candid-vm,,CentOS 4/5/6 (64-bit),NotRunning,42949672960,0,0,64a81cb8736c6f2d30dc38cc,DEV-NAE,virtualization.VmwareVirtualMachine,PoweredOff,17592,0,64a81cb2736c6f2d30dc35b6,172.16.14.23
connected,0,"['8.8.8.8', '8.8.4.4', '2001:4860:4860::8888', '2001:4860:4860::8844']",photon3-hdcs,,Other 3.x or later Linux (64-bit),Running,134217728,24117248,17.96875,64a81cb8736c6f2d30dc3990,vCLS-cefa4556-6afe-4b41-8e14-969b34425487,virtualization.VmwareVirtualMachine,PoweredOn,2199,0,64a81cb2736c6f2d30dc35b8,172.16.14.22
connected,0,[],ubuntu-svr-1,,Ubuntu Linux (64-bit),Running,1073741824,41943040,3.90625,64a81cb8736c6f2d30dc396e,ubuntuSvr-1,virtualization.VmwareVirtualMachine,PoweredOn,4398,0,64a81cb2736c6f2d30dc35b8,172.16.14.22
connected,13.005912,['172.16.10.100'],ltrato-3001-dev-node-group-21f06a6202,172.16.14.206,Ubuntu Linux (64-bit),Running,17179869184,686817280,3.9978027,64a81cb8736c6f2d30dc3950,ltrato-3001-dev-node-group-21f06a6202,virtualization.VmwareVirtualMachine,PoweredOn,4398,572,64a81cb2736c6f2d30dc35b8,172.16.14.22
connected,6.502956,['172.16.10.100'],ltrato-3001-dev-node-group-d2e7223288,172.16.14.141,Ubuntu Linux (64-bit),Running,17179869184,1201668096,6.994629,64a81cb8736c6f2d30dc3962,ltrato-3001-dev-node-group-d2e7223288,virtualization.VmwareVirtualMachine,PoweredOn,4398,286,64a81cb2736c6f2d30dc35b8,172.16.14.22
connected,11.005002,['172.16.10.100'],ltrato-3001-dev-node-group-feb976c492,172.16.14.212,Ubuntu Linux (64-bit),Running,17179869184,686817280,3.9978027,64a81cb8736c6f2d30dc392c,ltrato-3001-dev-node-group-feb976c492,virtualization.VmwareVirtualMachine,PoweredOn,4398,484,64a81cb2736c6f2d30dc35b8,172.16.14.22
connected,1.5006821,['172.16.20.101'],localhost.thor.iws.navy.mil,172.0.2.20,VMware ESXi 6.5 or later,Running,8589934592,84934656,0.98876953,64a81cb8736c6f2d30dc391a,esxi-pod2,virtualization.VmwareVirtualMachine,PoweredOn,4398,66,64a81cb2736c6f2d30dc35b8,172.16.14.22
connected,1.5006821,['172.16.20.101'],localhost.thor.iws.navy.mil,172.0.12.20,VMware ESXi 6.5 or later,Running,8589934592,84934656,0.98876953,64a81cb8736c6f2d30dc3916,esxi-pod12,virtualization.VmwareVirtualMachine,PoweredOn,4398,66,64a81cb2736c6f2d30dc35b8,172.16.14.22
connected,11.50523,['172.16.10.100'],ltrato-3001-dev-master-gro-4c3c6a6928,172.16.14.208,Ubuntu Linux (64-bit),Running,17179869184,1201668096,6.994629,64a81cb8736c6f2d30dc3902,ltrato-3001-dev-master-gro-4c3c6a6928,virtualization.VmwareVirtualMachine,PoweredOn,4398,506,64a81cb2736c6f2d30dc35b8,172.16.14.22
connected,1.5006821,['172.16.20.101'],localhost.thor.iws.navy.mil,172.0.10.20,VMware ESXi 6.5 or later,Running,8589934592,170917888,1.9897461,64a81cb8736c6f2d30dc38f2,esxi-pod10,virtualization.VmwareVirtualMachine,PoweredOn,4398,66,64a81cb2736c6f2d30dc35b8,172.16.14.22
connected,1.5006821,['172.16.20.101'],localhost.thor.iws.navy.mil,172.0.16.20,VMware ESXi 6.5 or later,Running,8589934592,84934656,0.98876953,64a81cb8736c6f2d30dc38f0,esxi-pod16,virtualization.VmwareVirtualMachine,PoweredOn,4398,66,64a81cb2736c6f2d30dc35b8,172.16.14.22
connected,1.5006821,['172.16.20.101'],localhost.thor.iws.navy.mil,172.0.8.20,VMware ESXi 6.5 or later,Running,8589934592,84934656,0.98876953,64a81cb8736c6f2d30dc38e2,esxi-pod8,virtualization.VmwareVirtualMachine,PoweredOn,4398,66,64a81cb2736c6f2d30dc35b8,172.16.14.22
connected,20.884493,['172.16.20.101'],SpringpathController43FOGTL8WK,169.254.1.22,Ubuntu Linux (64-bit),Running,60129542144,45097156608,75,64a81cb8736c6f2d30dc38b2,stCtlVM-WMP2510012P,virtualization.VmwareVirtualMachine,PoweredOn,17592,3674,64a81cb2736c6f2d30dc35b8,172.16.14.22
connected,27.762619,['172.16.10.100'],ntnx-172-16-14-50-a-pcvm,172.16.14.50,CentOS 4/5/6 (64-bit),Running,17179869184,3092250624,17.999268,66f1acc4736c6f301f737822,NTNX-pc.2022.6.0.12,virtualization.VmwareVirtualMachine,PoweredOn,8796,2442,64a81cb2736c6f2d30dc35b8,172.16.14.22
connected,3.112526,"['172.0.1.230', '172.16.10.100']",00-50-56-87-a5-5a,172.0.1.230,Red Hat Enterprise Linux 9 (64-bit),Running,68719476736,1373634560,1.9989014,66a19e11736c6f301ffd430e,OCP-2,virtualization.VmwareVirtualMachine,PoweredOn,39582,1232,64a81cb2736c6f2d30dc35b8,172.16.14.22
connected,15.006822,['127.0.0.1'],ntnx-172-16-14-51-a-pcvm,172.16.14.51,CentOS 4/5/6 (64-bit),Running,30064771072,2404384768,7.9973493,66a01600736c6f301ffd3900,NTNX-pc.2024.1,virtualization.VmwareVirtualMachine,PoweredOn,13194,1980,64a81cb2736c6f2d30dc35b8,172.16.14.22
connected,0,['172.16.10.100'],ubuntuguest,172.0.1.11,Ubuntu Linux (64-bit),Running,1073741824,10485760,0.9765625,669bbf2f736c6f301ffd245e,splunk-01,virtualization.VmwareVirtualMachine,PoweredOn,4398,0,64a81cb2736c6f2d30dc35b8,172.16.14.22
connected,9.723169,"['172.0.1.96', '172.16.10.100']",ND-NDFC-01,172.0.1.96,Other (32-bit),Running,137438953472,12369002496,8.999634,6637cc41736c6f301f4df969,nd-ndfc-3.1.1k-dev,virtualization.VmwareVirtualMachine,PoweredOn,70368,6842,64a81cb2736c6f2d30dc35b8,172.16.14.22
connected,1.3339397,"['172.31.136.4', '10.195.200.67']",localhost.localdomain,192.168.10.254,Ubuntu Linux (64-bit),Running,34359738368,686817280,1.9989014,66187238736c6f301f3ebf07,acisim-6.0-5h-pod15,virtualization.VmwareVirtualMachine,PoweredOn,26388,352,64a81cb2736c6f2d30dc35b8,172.16.14.22
connected,1.3339397,"['172.31.136.4', '10.195.200.67']",localhost.localdomain,192.168.10.254,Ubuntu Linux (64-bit),Running,34359738368,1717567488,4.9987793,66187238736c6f301f3ebf01,acisim-6.0-5h-pod12,virtualization.VmwareVirtualMachine,PoweredOn,26388,352,64a81cb2736c6f2d30dc35b8,172.16.14.22
connected,1.417311,"['172.31.136.4', '10.195.200.67']",localhost.localdomain,192.168.10.254,Ubuntu Linux (64-bit),Running,34359738368,686817280,1.9989014,66187238736c6f301f3ebf03,acisim-6.0-5h-pod13,virtualization.VmwareVirtualMachine,PoweredOn,26388,374,64a81cb2736c6f2d30dc35b8,172.16.14.22
connected,1.417311,"['172.31.136.4', '10.195.200.67']",localhost.localdomain,192.168.10.254,Ubuntu Linux (64-bit),Running,34359738368,1030750208,2.999878,66187238736c6f301f3ebefd,acisim-6.0-5h-pod10,virtualization.VmwareVirtualMachine,PoweredOn,26388,374,64a81cb2736c6f2d30dc35b8,172.16.14.22
connected,1.5840534,"['172.31.136.4', '10.195.200.67']",localhost.localdomain,192.168.10.254,Ubuntu Linux (64-bit),Running,34359738368,686817280,1.9989014,66187229736c6f301f3ebebf,acisim-6.0-5h-pod8,virtualization.VmwareVirtualMachine,PoweredOn,26388,418,64a81cb2736c6f2d30dc35b8,172.16.14.22
connected,1.5006821,"['172.31.136.4', '10.195.200.67']",localhost.localdomain,192.168.10.254,Ubuntu Linux (64-bit),Running,34359738368,686817280,1.9989014,66187229736c6f301f3ebeb7,acisim-6.0-5h-pod4,virtualization.VmwareVirtualMachine,PoweredOn,26388,396,64a81cb2736c6f2d30dc35b8,172.16.14.22
connected,15.006822,['172.16.10.100'],ltrato-3001-dev-node-group-76dd5980af,172.16.14.142,Ubuntu Linux (64-bit),Running,17179869184,1030750208,5.999756,64a81cb8736c6f2d30dc396c,ltrato-3001-dev-node-group-76dd5980af,virtualization.VmwareVirtualMachine,PoweredOn,4398,660,64a81cb2736c6f2d30dc35b8,172.16.14.22
connected,1.0004548,['172.16.10.100'],capture,172.0.1.227,Other 3.x Linux (64-bit),Running,6442450944,256901120,3.9876301,669d7140736c6f301ffd2a7c,pca-capture,virtualization.VmwareVirtualMachine,PoweredOn,4398,44,64a81cb2736c6f2d30dc35b8,172.16.14.22
connected,0,[],,,Ubuntu Linux (64-bit),NotRunning,17179869184,170917888,0.99487305,64a81cb8736c6f2d30dc3914,ltrato-3001-dev-master-gro-da4a8c6c7d,virtualization.VmwareVirtualMachine,PoweredOn,4398,0,64a81cb2736c6f2d30dc35b8,172.16.14.22
connected,0,[],clustervm3-nodec,,CentOS 4/5/6 (64-bit),NotRunning,42949672960,0,0,64acacb0736c6f2d30dc5e61,NAE-01,virtualization.VmwareVirtualMachine,PoweredOff,17592,0,64a81cb2736c6f2d30dc35b8,172.16.14.22
connected,0,[],ubuntu-virtual-machine,,Ubuntu Linux (64-bit),NotRunning,4294967296,0,0,64a81cb8736c6f2d30dc3968,TMPL_ubuntu2204-pod,virtualization.VmwareVirtualMachine,PoweredOff,2199,0,64a81cb2736c6f2d30dc35b8,172.16.14.22
connected,0,[],,,Red Hat Enterprise Linux 6 (64-bit),NotRunning,34359738368,0,0,64a81cb8736c6f2d30dc3964,acisim-5.2-1g-pod2,virtualization.VmwareVirtualMachine,PoweredOff,26388,0,64a81cb2736c6f2d30dc35b8,172.16.14.22
connected,0,[],,,Red Hat Enterprise Linux 6 (64-bit),NotRunning,34359738368,0,0,64a81cb8736c6f2d30dc394a,acisim-5.2-1g-pod8,virtualization.VmwareVirtualMachine,PoweredOff,26388,0,64a81cb2736c6f2d30dc35b8,172.16.14.22
connected,0,[],,,Red Hat Enterprise Linux 6 (64-bit),NotRunning,34359738368,0,0,64a81cb8736c6f2d30dc392e,acisim-5.2-1g-pod3,virtualization.VmwareVirtualMachine,PoweredOff,26388,0,64a81cb2736c6f2d30dc35b8,172.16.14.22
connected,0,[],,,Ubuntu Linux (64-bit),NotRunning,2147483648,0,0,64a81cb8736c6f2d30dc38e0,ki-20220429-0-1-21-11-u20-iks-vsphere-865d26,virtualization.VmwareVirtualMachine,PoweredOff,4398,0,64a81cb2736c6f2d30dc35b8,172.16.14.22
connected,0,[],tf-tfe-1,,Ubuntu Linux (64-bit),NotRunning,4294967296,0,0,64a81cb8736c6f2d30dc38da,tf-tfe-1,virtualization.VmwareVirtualMachine,PoweredOff,8796,0,64a81cb2736c6f2d30dc35b8,172.16.14.22
connected,0,[],localhost,,Ubuntu Linux (32-bit),NotRunning,1073741824,0,0,64a81cb8736c6f2d30dc38c8,Toolbox_Licenses_Virtual_Appliance_1.6,virtualization.VmwareVirtualMachine,PoweredOff,2199,0,64a81cb2736c6f2d30dc35b8,172.16.14.22
connected,0,[],,,Ubuntu Linux (64-bit),NotRunning,8589934592,0,0,64a81cb8736c6f2d30dc38c2,ccp-tenant-image-1.17.6-ubuntu18-7.0.0,virtualization.VmwareVirtualMachine,PoweredOff,6597,0,64a81cb2736c6f2d30dc35b8,172.16.14.22
connected,0,[],candid-vm,,CentOS 4/5/6 (64-bit),NotRunning,42949672960,0,0,64a81cb8736c6f2d30dc38b8,DEV-NAE-3,virtualization.VmwareVirtualMachine,PoweredOff,17592,0,64a81cb2736c6f2d30dc35b8,172.16.14.22
connected,0,[],,,Ubuntu Linux (64-bit),NotRunning,4294967296,0,0,64a81cb8736c6f2d30dc38b6,netbox-1-0-0-dev-y-365,virtualization.VmwareVirtualMachine,PoweredOff,2199,0,64a81cb2736c6f2d30dc35b8,172.16.14.22
connected,0,[],ubuntuguest,,Ubuntu Linux (64-bit),NotRunning,1073741824,0,0,65dd2f5e736c6f2d307ea464,ubuntu-templ,virtualization.VmwareVirtualMachine,PoweredOff,4398,0,64a81cb2736c6f2d30dc35b8,172.16.14.22
connected,0,[],ubuntu-pod1,,Ubuntu Linux (64-bit),NotRunning,34359738368,0,0,65dd2f5e736c6f2d307ea462,ubuntu-canary-pod1,virtualization.VmwareVirtualMachine,PoweredOff,8796,0,64a81cb2736c6f2d30dc35b8,172.16.14.22
connected,10.504775,['172.16.10.100'],ubuntu-pod1,172.0.1.10,Ubuntu Linux (64-bit),Running,68719476736,2748317696,3.9993286,65dd2f5e736c6f2d307ea4da,ubuntu-svc,virtualization.VmwareVirtualMachine,PoweredOn,35184,3696,64a81cb2736c6f2d30dc35ba,172.16.14.24
connected,3.5015917,"['172.16.10.100', '172.16.20.101']",gitlabs,172.16.14.132,Ubuntu Linux (64-bit),Running,8589934592,1631584256,18.99414,64cc36bc736c6f2d30ad58df,GitLabs,virtualization.VmwareVirtualMachine,PoweredOn,8796,308,64a81cb2736c6f2d30dc35ba,172.16.14.24
connected,5.3774443,[],,,Other 2.6.x Linux (64-bit),NotRunning,17179869184,514850816,2.9968262,64b2ee3d736c6f2d30dc8198,FTDv-7.2.4-02,virtualization.VmwareVirtualMachine,PoweredOn,17592,946,64a81cb2736c6f2d30dc35ba,172.16.14.24
connected,13.506139,['172.16.10.100'],ltrato-3001-dev-node-group-61838e3321,172.16.14.229,Ubuntu Linux (64-bit),Running,17179869184,514850816,2.9968262,64a81cb8736c6f2d30dc394c,ltrato-3001-dev-node-group-61838e3321,virtualization.VmwareVirtualMachine,PoweredOn,4398,594,64a81cb2736c6f2d30dc35ba,172.16.14.24
connected,11.005002,['172.16.10.100'],ltrato-3001-dev-node-group-82a67f6686,172.16.14.199,Ubuntu Linux (64-bit),Running,17179869184,342884352,1.9958496,64a81cb8736c6f2d30dc392a,ltrato-3001-dev-node-group-82a67f6686,virtualization.VmwareVirtualMachine,PoweredOn,4398,484,64a81cb2736c6f2d30dc35ba,172.16.14.24
connected,1.0004548,['172.16.20.101'],localhost.thor.iws.navy.mil,172.0.11.20,VMware ESXi 6.5 or later,Running,8589934592,84934656,0.98876953,64a81cb8736c6f2d30dc390c,esxi-pod11,virtualization.VmwareVirtualMachine,PoweredOn,4398,44,64a81cb2736c6f2d30dc35ba,172.16.14.24
connected,8.003638,['172.16.10.100'],ltrato-3001-ctrl-workerf985ba0ae6,172.16.14.203,Ubuntu Linux (64-bit),Running,8589934592,1115684864,12.988281,64a81cb8736c6f2d30dc3906,ltrato-3001-ctrl-workerf985ba0ae6,virtualization.VmwareVirtualMachine,PoweredOn,4398,352,64a81cb2736c6f2d30dc35ba,172.16.14.24
connected,8.503865,['172.16.10.100'],ltrato-3001-dev-master-gro-09a53e3661,172.16.14.209,Ubuntu Linux (64-bit),Running,17179869184,1030750208,5.999756,64a81cb8736c6f2d30dc38fe,ltrato-3001-dev-master-gro-09a53e3661,virtualization.VmwareVirtualMachine,PoweredOn,4398,374,64a81cb2736c6f2d30dc35ba,172.16.14.24
connected,1.0004548,['172.16.20.101'],localhost.thor.iws.navy.mil,172.0.14.20,VMware ESXi 6.5 or later,Running,8589934592,170917888,1.9897461,64a81cb8736c6f2d30dc38f6,esxi-pod14,virtualization.VmwareVirtualMachine,PoweredOn,4398,44,64a81cb2736c6f2d30dc35ba,172.16.14.24
connected,1.0004548,['172.16.20.101'],localhost.thor.iws.navy.mil,172.0.13.20,VMware ESXi 6.5 or later,Running,8589934592,428867584,4.992676,64a81cb8736c6f2d30dc38d6,esxi-pod13,virtualization.VmwareVirtualMachine,PoweredOn,4398,44,64a81cb2736c6f2d30dc35ba,172.16.14.24
connected,1.0004548,['172.16.20.101'],localhost.thor.iws.navy.mil,172.0.15.20,VMware ESXi 6.5 or later,Running,8589934592,170917888,1.9897461,64a81cb8736c6f2d30dc38de,esxi-pod15,virtualization.VmwareVirtualMachine,PoweredOn,4398,44,64a81cb2736c6f2d30dc35ba,172.16.14.24
connected,7.253297,['172.16.20.101'],SpringpathControllerR5E2EEQ0HN,169.254.1.24,Ubuntu Linux (64-bit),Running,60129542144,45097156608,75,64a81cb8736c6f2d30dc38b4,stCtlVM-WMP251000LZ,virtualization.VmwareVirtualMachine,PoweredOn,17592,1276,64a81cb2736c6f2d30dc35ba,172.16.14.24
connected,5.669244,"['127.0.0.1', '172.16.10.100']",sna-manager,172.16.14.5,Debian GNU/Linux 11 (64-bit),Running,17179869184,1889533952,10.998535,675a36e2736c6f301f7d3a0f,SNA-7.5.1-Manager,virtualization.VmwareVirtualMachine,PoweredOn,13194,748,64a81cb2736c6f2d30dc35ba,172.16.14.24
connected,1.6118438,"['172.0.1.234', '172.16.10.100']",00-50-56-87-7c-3f,172.0.1.234,Red Hat Enterprise Linux 9 (64-bit),Running,68719476736,686817280,0.9994507,66a1a11e736c6f301ffd444a,OCP-6,virtualization.VmwareVirtualMachine,PoweredOn,39582,638,64a81cb2736c6f2d30dc35ba,172.16.14.24
connected,3.668334,"['172.0.1.231', '172.16.10.100']",00-50-56-87-e8-0f,172.0.1.231,Red Hat Enterprise Linux 9 (64-bit),Running,68719476736,2061500416,2.999878,66a19e8f736c6f301ffd4389,OCP-3,virtualization.VmwareVirtualMachine,PoweredOn,39582,1452,64a81cb2736c6f2d30dc35ba,172.16.14.24
connected,6.7252793,"['172.0.1.228', '172.16.10.100']",00-50-56-87-3c-57,172.0.1.228,Red Hat Enterprise Linux 9 (64-bit),Running,68719476736,2748317696,3.9993286,66a186b3736c6f301ffd3f78,OCP-1,virtualization.VmwareVirtualMachine,PoweredOn,39582,2662,64a81cb2736c6f2d30dc35ba,172.16.14.24
connected,1.2505684,"['172.16.10.100', '0.0.0.0']",E3490742-7BB2-DE2B-D16E-0D25A3CCDFF9,172.16.14.46,Other (32-bit),Running,8589934592,170917888,1.9897461,669d6299736c6f301ffd29dd,pca-sensor-ctrl,virtualization.VmwareVirtualMachine,PoweredOn,8796,110,64a81cb2736c6f2d30dc35ba,172.16.14.24
connected,8.191223,"['172.0.1.90', '172.0.1.91', '172.0.1.92']",ND-NDI-01,172.0.1.90,Other (32-bit),Running,68719476736,686817280,0.9994507,6637cc41736c6f301f4df96b,nd-ndi-3.1.1k-dev-01,virtualization.VmwareVirtualMachine,PoweredOn,35184,2882,64a81cb2736c6f2d30dc35ba,172.16.14.24
connected,17.945658,"['172.0.1.90', '172.0.1.91', '172.0.1.92']",ND-NDI-02,172.0.1.91,Other (32-bit),Running,68719476736,8932818944,12.998962,6637cc41736c6f301f4df96d,nd-ndi-3.1.1k-dev-02,virtualization.VmwareVirtualMachine,PoweredOn,35184,6314,64a81cb2736c6f2d30dc35ba,172.16.14.24
connected,1.1671972,"['172.31.136.4', '10.195.200.67']",localhost.localdomain,192.168.10.254,Ubuntu Linux (64-bit),Running,34359738368,686817280,1.9989014,66187238736c6f301f3ebf09,acisim-6.0-5h-pod16,virtualization.VmwareVirtualMachine,PoweredOn,26388,308,64a81cb2736c6f2d30dc35ba,172.16.14.24
connected,2.834622,"['172.31.136.4', '10.195.200.67']",localhost.localdomain,192.168.10.254,Ubuntu Linux (64-bit),Running,34359738368,1373634560,3.9978027,66187229736c6f301f3ebeb9,acisim-6.0-5h-pod5,virtualization.VmwareVirtualMachine,PoweredOn,26388,748,64a81cb2736c6f2d30dc35ba,172.16.14.24
connected,2.834622,"['172.31.136.4', '10.195.200.67']",localhost.localdomain,192.168.10.254,Ubuntu Linux (64-bit),Running,34359738368,686817280,1.9989014,66187229736c6f301f3ebeb5,acisim-6.0-5h-pod3,virtualization.VmwareVirtualMachine,PoweredOn,26388,748,64a81cb2736c6f2d30dc35ba,172.16.14.24
connected,0,['172.16.10.100'],installer-vm,172.0.1.204,Red Hat Enterprise Linux 6 (64-bit),Running,2147483648,127926272,5.9570312,65ef381b736c6f301f3d64f6,NTX-Foundation_VM-5.5,virtualization.VmwareVirtualMachine,PoweredOn,8796,0,64a81cb2736c6f2d30dc35ba,172.16.14.24
connected,0,['172.0.1.10'],installer-vm,,Red Hat Enterprise Linux 6 (64-bit),Running,2147483648,106954752,4.9804688,65f3719a736c6f301f3d7990,M5-Foundation_VM-5.4.2,virtualization.VmwareVirtualMachine,PoweredOn,8796,0,64a81cb2736c6f2d30dc35ba,172.16.14.24
connected,1.6118438,"['172.0.1.233', '172.16.10.100']",00-50-56-87-be-7f,172.0.1.233,Red Hat Enterprise Linux 9 (64-bit),Running,68719476736,686817280,0.9994507,66a1a10e736c6f301ffd442e,OCP-5,virtualization.VmwareVirtualMachine,PoweredOn,39582,638,64a81cb2736c6f2d30dc35ba,172.16.14.24
connected,1.0004548,['172.16.20.101'],localhost.thor.iws.navy.mil,172.0.9.20,VMware ESXi 6.5 or later,Running,8589934592,84934656,0.98876953,64a81cb8736c6f2d30dc3904,esxi-pod9,virtualization.VmwareVirtualMachine,PoweredOn,4398,44,64a81cb2736c6f2d30dc35ba,172.16.14.24
connected,1.0004548,['172.16.20.101'],localhost.thor.iws.navy.mil,172.0.6.20,VMware ESXi 6.5 or later,Running,8589934592,84934656,0.98876953,64a81cb8736c6f2d30dc38dc,esxi-pod6,virtualization.VmwareVirtualMachine,PoweredOn,4398,44,64a81cb2736c6f2d30dc35ba,172.16.14.24
connected,3.9367537,['10.254.0.3'],sandbox-vapic-03,172.20.104.9,Other (32-bit),Running,103079215104,3092250624,2.999878,64a81cba736c6f2d30dc3d9b,sandbox-vapic-03,virtualization.VmwareVirtualMachine,PoweredOn,49584,1952,64a81cb3736c6f2d30dc371a,172.20.104.42
connected,0,"['8.8.8.8', '8.8.4.4', '2001:4860:4860::8888', '2001:4860:4860::8844']",photon3-hdcs,,Other 3.x or later Linux (64-bit),Running,134217728,20971520,15.625,64a81cba736c6f2d30dc3d9d,vCLS-427d66de-77ca-44b4-bd31-32159424aa95,virtualization.VmwareVirtualMachine,PoweredOn,3099,0,64a81cb3736c6f2d30dc371a,172.20.104.42
connected,3.8742337,['10.254.0.2'],sandbox-vapic-02,172.20.104.8,Other (32-bit),Running,103079215104,5153751040,4.9997964,64a81cba736c6f2d30dc3d99,sandbox-vapic-02,virtualization.VmwareVirtualMachine,PoweredOn,49584,1921,64a81cb3736c6f2d30dc371a,172.20.104.42
connected,14.248548,"['172.16.115.90', '172.16.115.91', '172.16.115.92']",ND-NDI-03,172.20.104.92,Other (32-bit),Running,68719476736,18553503744,26.998901,661b19a2736c6f301f3ed0bb,ND-NDI-3.1.1k-03,virtualization.VmwareVirtualMachine,PoweredOn,49584,7065,64a81cb3736c6f2d30dc371a,172.20.104.42
connected,3.6866732,['10.254.0.1'],sandbox-vapic-01,172.20.104.7,Other (32-bit),Running,103079215104,4123000832,3.9998372,64a81cba736c6f2d30dc3d97,sandbox-vapic-01,virtualization.VmwareVirtualMachine,PoweredOn,49584,1828,64a81cb3736c6f2d30dc371a,172.20.104.42
connected,16.811874,"['172.16.115.90', '172.16.115.91', '172.16.115.92']",ND-NDI-01,172.20.104.90,Other (32-bit),Running,68719476736,17179869184,25,661b18c1736c6f301f3ed097,ND-NDI-3.1.1k-01,virtualization.VmwareVirtualMachine,PoweredOn,49584,8336,64a81cb3736c6f2d30dc371a,172.20.104.42
connected,29.499435,"['172.16.115.90', '172.16.115.91', '172.16.115.92']",ND-NDI-02,172.20.104.91,Other (32-bit),Running,68719476736,13743685632,19.999695,661b1939736c6f301f3ed0a9,ND-NDI-3.1.1k-02,virtualization.VmwareVirtualMachine,PoweredOn,49584,14627,64a81cb3736c6f2d30dc371a,172.20.104.42
connected,8.562238,"['172.16.115.96', '172.16.10.100']",ND-NDFC-01,172.20.104.96,Other (32-bit),Running,137438953472,17866686464,12.999725,661b0e70736c6f301f3ed062,ND-NDFC-.3.1.1k-01,virtualization.VmwareVirtualMachine,PoweredOn,99168,8491,64a81cb3736c6f2d30dc371a,172.20.104.42
connected,0.7421749,"['0.0.0.0', '0.0.0.0']",571B0742-4CAE-6BF4-5013-5E76B946FC96,172.20.104.199,Other (32-bit),Running,8589934592,170917888,1.9897461,6717fd00736c6f301f7454c7,pcs-sensor-ctrl-sandbox,virtualization.VmwareVirtualMachine,PoweredOn,12396,92,64a81cb3736c6f2d30dc371a,172.20.104.42
connected,0,[],ubuntuserver3,,Ubuntu Linux (64-bit),NotRunning,8589934592,0,0,64a81cba736c6f2d30dc3d8d,ubuntuserver3,virtualization.VmwareVirtualMachine,PoweredOff,3099,0,64a81cb3736c6f2d30dc371a,172.20.104.42
connected,0,[],ubuntuserver2,,Ubuntu Linux (64-bit),NotRunning,8589934592,0,0,64a81cba736c6f2d30dc3d8b,ubuntuserver2,virtualization.VmwareVirtualMachine,PoweredOff,3099,0,64a81cb3736c6f2d30dc371a,172.20.104.42
connected,0,[],ubuntuserver1,,Ubuntu Linux (64-bit),NotRunning,8589934592,0,0,64a81cba736c6f2d30dc3d89,ubuntuserver1,virtualization.VmwareVirtualMachine,PoweredOff,3099,0,64a81cb3736c6f2d30dc371a,172.20.104.42
connected,0,[],,,Ubuntu Linux (64-bit),NotRunning,8589934592,0,0,64a81cba736c6f2d30dc3d87,ubuntuicmp1,virtualization.VmwareVirtualMachine,PoweredOff,3099,0,64a81cb3736c6f2d30dc371a,172.20.104.42
connected,0,[],,,Ubuntu Linux (64-bit),NotRunning,68719476736,0,0,661bc33d736c6f301f3ed467,OOB-CML_2.6.0-5,virtualization.VmwareVirtualMachine,PoweredOff,74376,0,64a81cb3736c6f2d30dc371a,172.20.104.42
disconnected,0,[],,,Ubuntu Linux (64-bit),NotRunning,1073741824,0,0,66ec41df736c6f301f736105,sandbox-ubuntu-templ,virtualization.VmwareVirtualMachine,PoweredOff,4398,0,66eb52f6736c6f301f735a13,nutanix-01.thor.iws.navy.mil
disconnected,0,"['8.8.8.8', '8.8.4.4', '2001:4860:4860::8888', '2001:4860:4860::8844']",photon3-hdcs,,Other 3.x or later Linux (64-bit),Running,134217728,0,0,66eb5346736c6f301f735add,vCLS-6cc5dc07-4a8a-42d4-af83-4fc90e825b23,virtualization.VmwareVirtualMachine,PoweredOn,2199,0,66eb52f6736c6f301f735a13,nutanix-01.thor.iws.navy.mil
disconnected,0,"['8.8.8.8', '8.8.4.4', '2001:4860:4860::8888', '2001:4860:4860::8844']",photon3-hdcs,,Other 3.x or later Linux (64-bit),Running,134217728,0,0,66eb5391736c6f301f735b07,vCLS-c847bef2-ecbc-4e58-9205-78899dbe6119,virtualization.VmwareVirtualMachine,PoweredOn,2199,0,66eb5305736c6f301f735a51,nutanix-02.thor.iws.navy.mil
disconnected,0,"['8.8.8.8', '8.8.4.4', '2001:4860:4860::8888', '2001:4860:4860::8844']",photon3-hdcs,,Other 3.x or later Linux (64-bit),Running,134217728,0,0,66eb5373736c6f301f735afa,vCLS-c39bb9f0-353f-43a0-a32e-18335066dbf8,virtualization.VmwareVirtualMachine,PoweredOn,2199,0,66eb5314736c6f301f735a8e,nutanix-03.thor.iws.navy.mil
connected,2.997076,['172.16.10.100'],gitab,172.16.10.130,CoreOS Linux (64-bit),Running,8589934592,1287651328,14.990234,670686c1736c6f301f73d667,GitLabs-Test,virtualization.VmwareVirtualMachine,PoweredOn,9576,287,670686b5736c6f301f73d142,172.16.10.22
connected,3.2477026,['172.16.10.100'],gitab,172.16.10.130,CoreOS Linux (64-bit),Running,8589934592,1459617792,16.992188,670686c1736c6f301f73d665,GitLab-Template,virtualization.VmwareVirtualMachine,PoweredOn,9576,311,670686b5736c6f301f73d142,172.16.10.22
connected,0.9816207,['172.16.10.103'],ccp7-k8s-isi-master-gro-6838bcaf17,172.19.2.163,Ubuntu Linux (64-bit),Running,17179869184,342884352,1.9958496,670686c1736c6f301f73d64b,ccp7-k8s-isi-master-gro-6838bcaf17,virtualization.VmwareVirtualMachine,PoweredOn,4788,47,670686b5736c6f301f73d142,172.16.10.22
connected,0.96073514,"['172.16.10.100', '172.16.10.103', '8.8.8.8']",centos-dev-rdp-01,172.16.10.164,CentOS 4/5 or later (64-bit),Running,34359738368,342884352,0.9979248,670686c1736c6f301f73d639,CENTOS-RDP-V19-06-Sirius,virtualization.VmwareVirtualMachine,PoweredOn,2394,23,670686b5736c6f301f73d142,172.16.10.22
connected,0.9816207,['172.16.10.103'],test-hbr-v2-worker3a20b030fc,172.19.2.132,Ubuntu Linux (64-bit),Running,17179869184,170917888,0.99487305,670686c1736c6f301f73d633,test-hbr-v2-worker3a20b030fc,virtualization.VmwareVirtualMachine,PoweredOn,4788,47,670686b5736c6f301f73d142,172.16.10.22
connected,0.48036757,"['172.16.10.103', '172.16.10.101']",netbox2,172.16.10.137,Ubuntu Linux (64-bit),Running,4294967296,41943040,0.9765625,670686c1736c6f301f73d62f,netbox2,virtualization.VmwareVirtualMachine,PoweredOn,4788,23,670686b5736c6f301f73d142,172.16.10.22
connected,0.9816207,['172.16.10.103'],ccp7-dev-node-group-c9970a61a8,172.19.2.87,Ubuntu Linux (64-bit),Running,17179869184,342884352,1.9958496,670686c1736c6f301f73d619,ccp7-dev-node-group-c9970a61a8,virtualization.VmwareVirtualMachine,PoweredOn,4788,47,670686b5736c6f301f73d142,172.16.10.22
connected,0.9816207,['172.16.10.103'],backupsvr-master-gro-c95fd33836,172.19.2.74,Ubuntu Linux (64-bit),Running,17179869184,686817280,3.9978027,670686c1736c6f301f73d611,backupsvr-master-gro-c95fd33836,virtualization.VmwareVirtualMachine,PoweredOn,4788,47,670686b5736c6f301f73d142,172.16.10.22
connected,4.4903927,[],,,Red Hat Enterprise Linux 7 (64-bit),NotRunning,34359738368,686817280,1.9989014,670686c1736c6f301f73d617,Thor Vision,virtualization.VmwareVirtualMachine,PoweredOn,4788,215,670686b5736c6f301f73d142,172.16.10.22
connected,0.24018379,['172.16.10.100'],ccs-rhel7-basic-2,192.168.122.1,Red Hat Enterprise Linux 7 (64-bit),Running,4294967296,84934656,1.9775391,670686c1736c6f301f73d5f5,NDB-RHEL,virtualization.VmwareVirtualMachine,PoweredOn,9576,23,670686b5736c6f301f73d142,172.16.10.22
connected,125.995544,[],,,Red Hat Enterprise Linux 7 (64-bit),NotRunning,3221225472,96468992,2.9947917,670686c1736c6f301f73d5f7,minio-7.1.0,virtualization.VmwareVirtualMachine,PoweredOn,7182,9049,670686b5736c6f301f73d142,172.16.10.22
connected,0.96073514,"['172.16.10.103', '8.8.8.8']",centos-dev-rdp-03,172.16.10.157,CentOS 4/5 or later (64-bit),Running,34359738368,342884352,0.9979248,670686c1736c6f301f73d5f1,CENTOS-RDP-V19-KLJ,virtualization.VmwareVirtualMachine,PoweredOn,2394,23,670686b5736c6f301f73d142,172.16.10.22
connected,1.498538,['127.0.0.53'],livenx,,Ubuntu Linux (64-bit),Running,17179869184,170917888,0.99487305,670686c1736c6f301f73d5f3,CHANGE_IP_livenx-server-custom,virtualization.VmwareVirtualMachine,PoweredOn,19152,287,670686b5736c6f301f73d142,172.16.10.22
connected,0,['172.16.10.100'],localhost.localdomain,172.16.10.137,CentOS 4/5 or later (64-bit),Running,17179869184,170917888,0.99487305,670686c0736c6f301f73d5de,SERVICES-RDP-01,virtualization.VmwareVirtualMachine,PoweredOn,2394,0,670686b5736c6f301f73d142,172.16.10.22
connected,0,['172.16.10.100'],centos-dev-rdp-01,172.16.10.132,CentOS 4/5 or later (64-bit),Running,34359738368,342884352,0.9979248,670686c0736c6f301f73d5e0,CENTOS-RDP-V19-01-Andy,virtualization.VmwareVirtualMachine,PoweredOn,2394,0,670686b5736c6f301f73d142,172.16.10.22
connected,0,['10.150.0.200'],rheltemplate.thor,10.150.1.100,Red Hat Enterprise Linux 7 (64-bit),Running,2147483648,84934656,3.9550781,670686c0736c6f301f73d5e4,Kelly-RHEL,virtualization.VmwareVirtualMachine,PoweredOn,2394,0,670686b5736c6f301f73d142,172.16.10.22
connected,0,"['172.16.10.103', '8.8.8.8', '172.20.1.254']",localhost,172.16.10.6,CentOS 4/5 or later (64-bit),Running,3221225472,31457280,0.9765625,670686c1736c6f301f73d5eb,CUCSD_BMA_6.7.4.0,virtualization.VmwareVirtualMachine,PoweredOn,4788,0,670686b5736c6f301f73d142,172.16.10.22
connected,3.9961014,"['127.0.0.1', '172.16.10.101', '172.16.10.100']",SFC-01,169.254.43.1,Debian GNU/Linux 5 (64-bit),Running,68719476736,5496635392,7.998657,670686c0736c6f301f73d5ba,SFC-01,virtualization.VmwareVirtualMachine,PoweredOn,14364,574,670686b5736c6f301f73d142,172.16.10.22
connected,0.24018379,['172.16.10.103'],turbonomic,172.16.10.3,CentOS 4/5 or later (64-bit),Running,17179869184,1030750208,5.999756,670686c0736c6f301f73d5ca,CWOM-01,virtualization.VmwareVirtualMachine,PoweredOn,9576,23,670686b5736c6f301f73d142,172.16.10.22
connected,5.9732666,"['127.0.0.1', '172.16.10.101']",SFS11,192.168.5.7,Debian GNU/Linux 8 (64-bit),Running,4294967296,385875968,8.984375,670686c0736c6f301f73d5c6,SFS-01,virtualization.VmwareVirtualMachine,PoweredOn,2394,143,670686b5736c6f301f73d142,172.16.10.22
connected,2.6211362,"['127.0.0.1', '172.16.10.101', '172.16.10.103']",SMC10,192.168.5.5,Debian GNU/Linux 5 (64-bit),Running,68719476736,686817280,0.9994507,670686c0736c6f301f73d5d6,SMC-01,virtualization.VmwareVirtualMachine,PoweredOn,19152,502,670686b5736c6f301f73d142,172.16.10.22
connected,4.871554,['172.16.10.100'],splunk-hf-01,172.16.10.127,Red Hat Enterprise Linux 7 (64-bit),Running,17179869184,2232418304,12.994385,670686c0736c6f301f73d5b6,Splunk-Syslog-01,virtualization.VmwareVirtualMachine,PoweredOn,19152,933,670686b5736c6f301f73d142,172.16.10.22
connected,3.7489557,"['127.0.0.1', '172.20.1.254']",cg61-vcsa,172.16.10.20,Other 3.x Linux (64-bit),Running,17179869184,1889533952,10.998535,670686c0736c6f301f73d5a4,cg61-vcsa,virtualization.VmwareVirtualMachine,PoweredOn,9576,359,670686b5736c6f301f73d142,172.16.10.22
connected,21.248434,['172.16.10.100'],intersight.thor.iws.navy.mil,172.16.10.5,CentOS 4/5 or later (64-bit),Running,34359738368,12025069568,34.99756,670686c0736c6f301f73d5ae,intersight-appliance-1.0.9-499,virtualization.VmwareVirtualMachine,PoweredOn,38304,8139,670686b5736c6f301f73d142,172.16.10.22
connected,6.9966583,"['172.16.10.103', '208.67.222.222']",fmc-csf,192.168.5.9,Other 2.6.x Linux (64-bit),Running,34359738368,1717567488,4.9987793,670686c0736c6f301f73d586,FMC-7.2.0-82,virtualization.VmwareVirtualMachine,PoweredOn,9576,670,670686b5736c6f301f73d142,172.16.10.22
connected,7.9991646,"['172.16.10.103', '208.67.222.222']",fmc-csf,192.168.5.10,Other 2.6.x Linux (64-bit),Running,34359738368,2061500416,5.999756,670686c0736c6f301f73d588,FMC-7.2.0-82-mm,virtualization.VmwareVirtualMachine,PoweredOn,9576,766,670686b5736c6f301f73d142,172.16.10.22
connected,1.5611947,['172.16.10.100'],ise02,192.168.5.3,Red Hat Enterprise Linux 7 (64-bit),Running,34359738368,3092250624,8.999634,670686c0736c6f301f73d576,ISE02-LUSV-Testing,virtualization.VmwareVirtualMachine,PoweredOn,38304,598,670686b5736c6f301f73d142,172.16.10.22
connected,0,['172.16.10.100'],jenkins-docker-01,172.16.10.149,Ubuntu Linux (64-bit),Running,1073741824,74448896,6.9335938,670686c0736c6f301f73d578,jenkins-docker-01,virtualization.VmwareVirtualMachine,PoweredOn,2394,0,670686b5736c6f301f73d142,172.16.10.22
connected,1.4358814,['172.16.10.100'],ise01,192.168.5.2,Red Hat Enterprise Linux 7 (64-bit),Running,34359738368,3092250624,8.999634,670686c0736c6f301f73d574,ISE01-LUSV-Testing,virtualization.VmwareVirtualMachine,PoweredOn,38304,550,670686b5736c6f301f73d142,172.16.10.22
connected,2.4853802,"['172.16.10.100', '172.16.10.14']",isi-snow-mid,172.16.10.186,Microsoft Windows Server 2016 or later (64-bit),Running,8589934592,342884352,3.9916992,670686c0736c6f301f73d56e,isi-snow-mid,virtualization.VmwareVirtualMachine,PoweredOn,4788,119,670686b5736c6f301f73d142,172.16.10.22
connected,0.9816207,['127.0.0.1'],powerdns,172.16.10.14,Ubuntu Linux (64-bit),Running,2147483648,299892736,13.964844,670686c0736c6f301f73d55e,PowerDNS BAckup02092022,virtualization.VmwareVirtualMachine,PoweredOn,4788,47,670686b5736c6f301f73d142,172.16.10.22
connected,0.24018379,['172.16.10.100'],localhost.localdomain,172.16.10.142,CentOS 4/5 or later (64-bit),Running,17179869184,342884352,1.9958496,670686c0736c6f301f73d56a,CUCSD_6_8_1_0_BP02,virtualization.VmwareVirtualMachine,PoweredOn,9576,23,670686b5736c6f301f73d142,172.16.10.22
connected,0.24018379,['172.16.10.100'],localhost.localdomain,172.16.10.136,CentOS 4/5 or later (64-bit),Running,17179869184,1717567488,9.997559,670686c0736c6f301f73d564,CUCSD_6_8_1_0_BP01,virtualization.VmwareVirtualMachine,PoweredOn,9576,23,670686b5736c6f301f73d142,172.16.10.22
connected,0.8745823,['172.16.10.100'],splunk-sh-01,172.16.10.131,Red Hat Enterprise Linux 7 (64-bit),Running,12884901888,1674575872,12.996419,670686c0736c6f301f73d55a,Splunk-SH-01,virtualization.VmwareVirtualMachine,PoweredOn,76608,670,670686b5736c6f301f73d142,172.16.10.22
connected,0,['172.16.10.100'],splunk-lb-01,172.16.10.114,Red Hat Enterprise Linux 7 (64-bit),Running,4294967296,41943040,0.9765625,670686c0736c6f301f73d55c,Splunk-LB-01,virtualization.VmwareVirtualMachine,PoweredOn,9576,0,670686b5736c6f301f73d142,172.16.10.22
connected,0.6239557,['172.16.10.100'],splunk-sh-03,172.16.10.139,Red Hat Enterprise Linux 7 (64-bit),Running,12884901888,1030750208,7.9996743,670686c0736c6f301f73d558,Splunk-SH-03,virtualization.VmwareVirtualMachine,PoweredOn,76608,478,670686b5736c6f301f73d142,172.16.10.22
connected,9.655649,['172.16.10.100'],splunk-sh-02,172.16.10.123,Red Hat Enterprise Linux 7 (64-bit),Running,12884901888,6055526400,46.99707,670686c0736c6f301f73d556,Splunk-SH-02,virtualization.VmwareVirtualMachine,PoweredOn,76608,7397,670686b5736c6f301f73d142,172.16.10.22
connected,1.9162489,['172.16.10.100'],splunk-ind-03,172.16.10.135,Red Hat Enterprise Linux 7 (64-bit),Running,12884901888,3349151744,25.992838,670686c0736c6f301f73d552,Splunk-Ind-03,virtualization.VmwareVirtualMachine,PoweredOn,57456,1101,670686b5736c6f301f73d142,172.16.10.22
connected,0.9154832,['172.16.10.100'],splunk-mgr-01,172.16.10.115,Red Hat Enterprise Linux 7 (64-bit),Running,12884901888,385875968,2.9947917,670686c0736c6f301f73d554,Splunk-Mgr-01,virtualization.VmwareVirtualMachine,PoweredOn,57456,526,670686b5736c6f301f73d142,172.16.10.22
connected,2.2904484,['172.16.10.100'],splunk-ind-01,172.16.10.116,Red Hat Enterprise Linux 7 (64-bit),Running,12884901888,2705326080,20.996094,670686c0736c6f301f73d54e,Splunk-Ind-01,virtualization.VmwareVirtualMachine,PoweredOn,57456,1316,670686b5736c6f301f73d142,172.16.10.22
connected,2.0833333,['172.16.10.100'],splunk-ind-02,172.16.10.109,Red Hat Enterprise Linux 7 (64-bit),Running,12884901888,2963275776,22.998047,670686c0736c6f301f73d550,Splunk-Ind-02,virtualization.VmwareVirtualMachine,PoweredOn,57456,1197,670686b5736c6f301f73d142,172.16.10.22
connected,1.4828738,"['172.16.10.100', '172.16.10.101']",entrust-srv-02.thor.iws.navy.mil,,CentOS 7 (64-bit),Running,4294967296,84934656,1.9775391,670686c0736c6f301f73d54a,entrust-srv-02,virtualization.VmwareVirtualMachine,PoweredOn,4788,71,670686b5736c6f301f73d142,172.16.10.22
connected,0.24018379,"['172.16.10.100', '172.16.10.103']",AppDMetColl.thor.iws.navy.mil,169.254.152.25,Microsoft Windows Server 2016 or later (64-bit),Running,10737418240,106954752,0.99609375,670686c0736c6f301f73d540,AppD Metrics Collector PreUpgrade Clone,virtualization.VmwareVirtualMachine,PoweredOn,9576,23,670686b5736c6f301f73d142,172.16.10.22
connected,2.6663883,"['172.16.10.101', '172.16.10.100', '172.20.1.254']",SecretServer.thor.iws.navy.mil,172.16.10.147,Microsoft Windows Server 2016 or later (64-bit),Running,34359738368,2061500416,5.999756,670686c0736c6f301f73d53e,SecretServer,virtualization.VmwareVirtualMachine,PoweredOn,14364,383,670686b5736c6f301f73d142,172.16.10.22
connected,2.495823,"['172.16.10.100', '172.16.10.101']",WIN2K16HCON01.thor.iws.navy.mil,172.16.10.240,Microsoft Windows Server 2016 or later (64-bit),Running,17179869184,686817280,3.9978027,670686c0736c6f301f73d536,WIN2K16HCON01,virtualization.VmwareVirtualMachine,PoweredOn,9576,239,670686b5736c6f301f73d142,172.16.10.22
connected,0.24018379,"['172.16.10.100', '172.16.10.101']",WIN2K16EVNT.thor.iws.navy.mil,172.16.10.242,Microsoft Windows Server 2016 or later (64-bit),Running,8589934592,170917888,1.9897461,670686c0736c6f301f73d538,WIN2K16EVNT,virtualization.VmwareVirtualMachine,PoweredOn,9576,23,670686b5736c6f301f73d142,172.16.10.22
connected,0,['172.16.10.100'],jb-rhel-mm,172.16.10.150,Red Hat Enterprise Linux 7 (64-bit),Running,17179869184,170917888,0.99487305,670686c0736c6f301f73d53a,JB-RHEL-MM,virtualization.VmwareVirtualMachine,PoweredOn,19152,0,670686b5736c6f301f73d142,172.16.10.22
connected,0.12009189,"['172.16.10.103', '8.8.8.8']",vlaptop3-v2,172.16.10.237,Red Hat Enterprise Linux 7 (64-bit),Running,17179869184,170917888,0.99487305,670686c0736c6f301f73d52a,vLaptop_thor v2,virtualization.VmwareVirtualMachine,PoweredOn,19152,23,670686b5736c6f301f73d142,172.16.10.22
connected,0.48036757,"['172.16.10.100', '8.8.8.8']",DESKTOP-JDay01.thor.iws.navy.mil,172.16.10.173,Microsoft Windows 10 (64-bit),Running,2147483648,256901120,11.962891,670686c0736c6f301f73d530,Windows10-rdp-26-John-Day,virtualization.VmwareVirtualMachine,PoweredOn,4788,23,670686b5736c6f301f73d142,172.16.10.22
connected,0,[],,,Other 2.6.x Linux (64-bit),NotRunning,8589934592,0,0,670686c0736c6f301f73d532,Old_FW-V01,virtualization.VmwareVirtualMachine,PoweredOff,9576,0,670686b5736c6f301f73d142,172.16.10.22
connected,0.9816207,['172.16.10.103'],ccp7-k8s-isi-node-group-a174e77ea2,172.19.2.165,Ubuntu Linux (64-bit),Running,17179869184,342884352,1.9958496,670686c1736c6f301f73d64f,ccp7-k8s-isi-node-group-a174e77ea2,virtualization.VmwareVirtualMachine,PoweredOn,4788,47,670686b5736c6f301f73d144,172.16.10.21
connected,0.9816207,['172.16.10.103'],ccp7-k8s-isi-master-gro-bcaccedd47,172.19.2.164,Ubuntu Linux (64-bit),Running,17179869184,170917888,0.99487305,670686c1736c6f301f73d649,ccp7-k8s-isi-master-gro-bcaccedd47,virtualization.VmwareVirtualMachine,PoweredOn,4788,47,670686b5736c6f301f73d144,172.16.10.21
connected,0,[],centos-dev-rdp-01,,CentOS 4/5 or later (64-bit),NotRunning,34359738368,0,0,670686c1736c6f301f73d62b,CENTOS-RDP-V19-05-DY,virtualization.VmwareVirtualMachine,PoweredOff,2394,0,670686b5736c6f301f73d144,172.16.10.21
connected,0.9816207,['172.16.10.103'],ccp7-dev-node-group-0f205e4dcc,172.19.2.86,Ubuntu Linux (64-bit),Running,17179869184,170917888,0.99487305,670686c1736c6f301f73d61b,ccp7-dev-node-group-0f205e4dcc,virtualization.VmwareVirtualMachine,PoweredOn,4788,47,670686b5736c6f301f73d144,172.16.10.21
connected,0,[],centos-dev-rdp-01,,CentOS 4/5 or later (64-bit),NotRunning,34359738368,0,0,670686c1736c6f301f73d629,CENTOS-RDP-V19-04-DY,virtualization.VmwareVirtualMachine,PoweredOff,2394,0,670686b5736c6f301f73d144,172.16.10.21
connected,0.9816207,['172.16.10.103'],ccp7-k8s-workerc68775f51e,172.19.2.53,Ubuntu Linux (64-bit),Running,8589934592,514850816,5.9936523,670686c1736c6f301f73d601,ccp7-k8s-workerc68775f51e,virtualization.VmwareVirtualMachine,PoweredOn,4788,47,670686b5736c6f301f73d144,172.16.10.21
connected,2.7464495,"['172.16.10.100', '172.16.10.103']",gitlabs,172.16.10.132,Ubuntu Linux (64-bit),Running,8589934592,1201668096,13.989258,670686c1736c6f301f73d60f,GitLabs-ISI,virtualization.VmwareVirtualMachine,PoweredOn,9576,263,670686b5736c6f301f73d144,172.16.10.21
connected,0.9816207,['172.16.10.103'],ccp7-k8s-masterefe4a3c560,172.19.2.51,Ubuntu Linux (64-bit),Running,8589934592,428867584,4.992676,670686c1736c6f301f73d5fb,ccp7-k8s-masterefe4a3c560,virtualization.VmwareVirtualMachine,PoweredOn,4788,47,670686b5736c6f301f73d144,172.16.10.21
connected,2.9657476,"['172.16.10.100', '8.8.8.0']",DC-Test-Win2016.thor.iws.navy.mil,192.168.5.10,Microsoft Windows Server 2016 or later (64-bit),Running,2147483648,256901120,11.962891,670686c0736c6f301f73d5b4,AMP01,virtualization.VmwareVirtualMachine,PoweredOn,2394,71,670686b5736c6f301f73d144,172.16.10.21
connected,0.48036757,['172.16.10.100'],AD1.thor.navy.mil,172.16.10.133,Microsoft Windows Server 2012 (64-bit),Running,4294967296,213909504,4.9804688,670686c0736c6f301f73d57e,AD-02,virtualization.VmwareVirtualMachine,PoweredOn,4788,23,670686b5736c6f301f73d144,172.16.10.21
connected,5.4981203,"['172.20.1.254', '172.16.10.100', '172.16.10.101']",SpringpathControllerI3I2LN698T,172.16.10.11,Ubuntu Linux (64-bit),Running,51539607552,51539607552,100,670686c0736c6f301f73d584,stCtlVM-WZP23391QQB,virtualization.VmwareVirtualMachine,PoweredOn,19152,1053,670686b5736c6f301f73d144,172.16.10.21
connected,13.747911,['172.16.10.100'],splunk-hf-01,172.16.10.126,Red Hat Enterprise Linux 7 (64-bit),Running,17179869184,1889533952,10.998535,670686c0736c6f301f73d56c,Splunk-HF-01,virtualization.VmwareVirtualMachine,PoweredOn,19152,2633,670686b5736c6f301f73d144,172.16.10.21
connected,0.24018379,"['172.16.10.100', '172.16.10.101']",appd-01.thor.iws.navy.mil,172.16.10.98,Red Hat Enterprise Linux 7 (64-bit),Running,34359738368,342884352,0.9979248,670686c0736c6f301f73d542,APPD-01-PreUpgrade-Clone,virtualization.VmwareVirtualMachine,PoweredOn,9576,23,670686b5736c6f301f73d144,172.16.10.21
connected,0.96073514,"['172.16.10.100', '8.8.8.8']",Win2016LabTools.thor.iws.navy.mil,172.16.10.119,Microsoft Windows Server 2016 or later (64-bit),Running,2147483648,643825664,29.980469,670686c0736c6f301f73d4d4,Win2016_Lab_Tools (Windows 2016 Server),virtualization.VmwareVirtualMachine,PoweredOn,2394,23,670686b5736c6f301f73d144,172.16.10.21
connected,0.9816207,['172.16.10.103'],ccp7-k8s-isi-node-group-05def2db64,172.19.2.157,Ubuntu Linux (64-bit),Running,17179869184,342884352,1.9958496,670686bf736c6f301f73d4c2,ccp7-k8s-isi-node-group-05def2db64,virtualization.VmwareVirtualMachine,PoweredOn,4788,47,670686b5736c6f301f73d144,172.16.10.21
connected,0.9816207,['172.16.10.103'],ccp7-k8s-harbor-102021-master-gro-ca51056812,172.19.2.149,Ubuntu Linux (64-bit),Running,17179869184,170917888,0.99487305,670686bf736c6f301f73d4b8,ccp7-k8s-harbor-102021-master-gro-ca51056812,virtualization.VmwareVirtualMachine,PoweredOn,4788,47,670686b5736c6f301f73d144,172.16.10.21
connected,0.9816207,['172.16.10.103'],ccp9-20210907-masterc204afba9b,172.19.1.91,Ubuntu Linux (64-bit),Running,8589934592,170917888,1.9897461,670686bf736c6f301f73d491,ccp9-20210907-masterc204afba9b,virtualization.VmwareVirtualMachine,PoweredOn,4788,47,670686b5736c6f301f73d144,172.16.10.21
connected,0.9816207,"['172.16.10.103', '172.20.1.254']",ccp7-20210906-worker9ea0318dc8,172.19.1.62,Ubuntu Linux (64-bit),Running,8589934592,600834048,6.994629,670686bf736c6f301f73d48f,ccp7-20210906-worker9ea0318dc8,virtualization.VmwareVirtualMachine,PoweredOn,4788,47,670686b5736c6f301f73d144,172.16.10.21
connected,1.9980507,"['127.0.0.1', '172.16.10.100', '172.16.10.101']",swsensor-01-test,192.168.5.24,Debian GNU/Linux 10 (64-bit),Running,8388608000,671088640,8,670686bf736c6f301f73d46d,SWSensor-01-Test,virtualization.VmwareVirtualMachine,PoweredOn,14364,287,670686b5736c6f301f73d144,172.16.10.21
connected,0,"['172.16.10.103', '172.16.10.101']",netbox,172.16.10.250,Ubuntu Linux (64-bit),Running,4294967296,41943040,0.9765625,670686c0736c6f301f73d4e2,NetBox_clone_01112022,virtualization.VmwareVirtualMachine,PoweredOn,4788,0,670686b5736c6f301f73d144,172.16.10.21
connected,0,[],ccp7-k8s-isi-node-group-cef20601f6,,Ubuntu Linux (64-bit),NotRunning,17179869184,0,0,670686c1736c6f301f73d65b,ccp7-k8s-isi-node-group-cef20601f6,virtualization.VmwareVirtualMachine,PoweredOff,4788,0,670686b5736c6f301f73d144,172.16.10.21
connected,0,[],ccp7-k8s-isi-node-group-b956c5eabd,,Ubuntu Linux (64-bit),NotRunning,17179869184,0,0,670686c1736c6f301f73d651,ccp7-k8s-isi-node-group-b956c5eabd,virtualization.VmwareVirtualMachine,PoweredOff,4788,0,670686b5736c6f301f73d144,172.16.10.21
connected,0,[],ccp7-k8s-isi-master-gro-e79dba6d66,,Ubuntu Linux (64-bit),NotRunning,17179869184,0,0,670686c1736c6f301f73d64d,ccp7-k8s-isi-master-gro-e79dba6d66,virtualization.VmwareVirtualMachine,PoweredOff,4788,0,670686b5736c6f301f73d144,172.16.10.21
connected,0,[],,,Microsoft Windows 10 (64-bit),NotRunning,2147483648,0,0,670686c1736c6f301f73d647,Windows10-rdp-18,virtualization.VmwareVirtualMachine,PoweredOff,4788,0,670686b5736c6f301f73d144,172.16.10.21
connected,0,[],DESKTOP-XX,,Microsoft Windows 10 (64-bit),NotRunning,2147483648,0,0,670686c1736c6f301f73d645,Windows10-rdp-17-New_Bash,virtualization.VmwareVirtualMachine,PoweredOff,4788,0,670686b5736c6f301f73d144,172.16.10.21
connected,0,[],,,Microsoft Windows 10 (64-bit),NotRunning,2147483648,0,0,670686c1736c6f301f73d63f,Windows10-RDP-01-Josh,virtualization.VmwareVirtualMachine,PoweredOff,4788,0,670686b5736c6f301f73d144,172.16.10.21
connected,0,[],intersight-builder01,,Ubuntu Linux (64-bit),NotRunning,4294967296,0,0,670686c1736c6f301f73d63d,intersight-builder01,virtualization.VmwareVirtualMachine,PoweredOff,4788,0,670686b5736c6f301f73d144,172.16.10.21
connected,0,[],test-hbr-v2-workerdd984dcc26,,Ubuntu Linux (64-bit),NotRunning,17179869184,0,0,670686c1736c6f301f73d635,test-hbr-v2-workerdd984dcc26,virtualization.VmwareVirtualMachine,PoweredOff,4788,0,670686b5736c6f301f73d144,172.16.10.21
connected,0,[],localhost.localdomain,,CentOS 8 (64-bit),NotRunning,2147483648,0,0,670686c1736c6f301f73d61d,Jenkins01,virtualization.VmwareVirtualMachine,PoweredOff,2394,0,670686b5736c6f301f73d144,172.16.10.21
connected,0,[],ccp7-dev-node-group-252538a53c,,Ubuntu Linux (64-bit),NotRunning,17179869184,0,0,670686c1736c6f301f73d60b,ccp7-dev-node-group-252538a53c,virtualization.VmwareVirtualMachine,PoweredOff,4788,0,670686b5736c6f301f73d144,172.16.10.21
connected,0,[],ccp7-dev-master-gro-776a0ecacc,,Ubuntu Linux (64-bit),NotRunning,17179869184,0,0,670686c1736c6f301f73d609,ccp7-dev-master-gro-776a0ecacc,virtualization.VmwareVirtualMachine,PoweredOff,4788,0,670686b5736c6f301f73d144,172.16.10.21
connected,0,[],ccp7-k8s-workerf7bada2548,,Ubuntu Linux (64-bit),NotRunning,8589934592,0,0,670686c1736c6f301f73d5ff,ccp7-k8s-workerf7bada2548,virtualization.VmwareVirtualMachine,PoweredOff,4788,0,670686b5736c6f301f73d144,172.16.10.21
connected,0,[],ccp7-k8s-workerc202a8d385,,Ubuntu Linux (64-bit),NotRunning,8589934592,0,0,670686c1736c6f301f73d5fd,ccp7-k8s-workerc202a8d385,virtualization.VmwareVirtualMachine,PoweredOff,4788,0,670686b5736c6f301f73d144,172.16.10.21
connected,0,[],,,Red Hat Enterprise Linux 7 (64-bit),NotRunning,34359738368,0,0,670686c1736c6f301f73d5f9,DSD_6.2.0-752,virtualization.VmwareVirtualMachine,PoweredOff,57456,0,670686b5736c6f301f73d144,172.16.10.21
connected,0,[],localhost.localdomain,,CentOS 4/5 or later (64-bit),NotRunning,17179869184,0,0,670686c1736c6f301f73d5e9,Centos-dev,virtualization.VmwareVirtualMachine,PoweredOff,2394,0,670686b5736c6f301f73d144,172.16.10.21
connected,0,[],localhost,,CentOS 4/5 or later (64-bit),NotRunning,17179869184,0,0,670686c0736c6f301f73d5da,CUCSD_6_7_4_0_67599,virtualization.VmwareVirtualMachine,PoweredOff,9576,0,670686b5736c6f301f73d144,172.16.10.21
connected,0,[],FMC-01,,Other 2.6.x Linux (64-bit),NotRunning,34359738368,0,0,670686c0736c6f301f73d5d8,FMC-6.6.0-90,virtualization.VmwareVirtualMachine,PoweredOff,9576,0,670686b5736c6f301f73d144,172.16.10.21
connected,0,[],ccs-repo,,Red Hat Enterprise Linux 6 (64-bit),NotRunning,8589934592,0,0,670686c0736c6f301f73d5d4,ccs-repo (3JUL20),virtualization.VmwareVirtualMachine,PoweredOff,4788,0,670686b5736c6f301f73d144,172.16.10.21
connected,0,[],localhost,,CentOS 4/5 or later (64-bit),NotRunning,17179869184,0,0,670686c0736c6f301f73d5cc,CUCSD-01,virtualization.VmwareVirtualMachine,PoweredOff,9576,0,670686b5736c6f301f73d144,172.16.10.21
connected,0,[],,,Red Hat Enterprise Linux 8 (64-bit),NotRunning,8589934592,0,0,670686c0736c6f301f73d5c4,rhel87_gui,virtualization.VmwareVirtualMachine,PoweredOff,4788,0,670686b5736c6f301f73d144,172.16.10.21
connected,0,[],localhost,,CentOS 4/5 or later (64-bit),NotRunning,17179869184,0,0,670686c0736c6f301f73d5b8,CIMCS-01,virtualization.VmwareVirtualMachine,PoweredOff,9576,0,670686b5736c6f301f73d144,172.16.10.21
connected,0,[],ccs-520-f950c26a-dff9-4831-a61-ng-1-3fd7572e00,,Ubuntu Linux (64-bit),NotRunning,34359738368,0,0,670686c0736c6f301f73d5a0,ccs-520-f950c26a-dff9-4831-a61-ng-1-3fd7572e00,virtualization.VmwareVirtualMachine,PoweredOff,19152,0,670686b5736c6f301f73d144,172.16.10.21
connected,0,[],ccs-520-f950c26a-dff9-4831-a61-ng-1-f33f696f56,,Ubuntu Linux (64-bit),NotRunning,34359738368,0,0,670686c0736c6f301f73d59e,ccs-520-f950c26a-dff9-4831-a61-ng-1-f33f696f56,virtualization.VmwareVirtualMachine,PoweredOff,19152,0,670686b5736c6f301f73d144,172.16.10.21
connected,0,[],ccs-520-f950c26a-dff9-4831-a61-ng-1-850e1f6c64,,Ubuntu Linux (64-bit),NotRunning,34359738368,0,0,670686c0736c6f301f73d59c,ccs-520-f950c26a-dff9-4831-a61-ng-1-850e1f6c64,virtualization.VmwareVirtualMachine,PoweredOff,19152,0,670686b5736c6f301f73d144,172.16.10.21
connected,0,[],ccs-520-f950c26a-dff9-4831-a61-mg-1-e4a9e95f54,,Ubuntu Linux (64-bit),NotRunning,17179869184,0,0,670686c0736c6f301f73d598,ccs-520-f950c26a-dff9-4831-a61-mg-1-e4a9e95f54,virtualization.VmwareVirtualMachine,PoweredOff,4788,0,670686b5736c6f301f73d144,172.16.10.21
connected,0,[],ccs-520-f950c26a-dff9-4831-a61-mg-1-a406f7ff93,,Ubuntu Linux (64-bit),NotRunning,17179869184,0,0,670686c0736c6f301f73d594,ccs-520-f950c26a-dff9-4831-a61-mg-1-a406f7ff93,virtualization.VmwareVirtualMachine,PoweredOff,4788,0,670686b5736c6f301f73d144,172.16.10.21
connected,0,[],tfe-isi-01,,Ubuntu Linux (64-bit),NotRunning,8589934592,0,0,670686c0736c6f301f73d582,tfe-isi-01,virtualization.VmwareVirtualMachine,PoweredOff,9576,0,670686b5736c6f301f73d144,172.16.10.21
connected,0,[],localhost.localdomain,,Red Hat Enterprise Linux 7 (64-bit),NotRunning,8589934592,0,0,670686c0736c6f301f73d568,entrust-rhel-testing-box,virtualization.VmwareVirtualMachine,PoweredOff,4788,0,670686b5736c6f301f73d144,172.16.10.21
connected,0,[],,,Microsoft Windows 10 (64-bit),NotRunning,2147483648,0,0,670686c0736c6f301f73d544,Windows10-rdp-28-Rob_Ohara,virtualization.VmwareVirtualMachine,PoweredOff,4788,0,670686b5736c6f301f73d144,172.16.10.21
connected,0,[],peterstuart_jumpbox.thor.iws.navy.mil,,Microsoft Windows 10 (64-bit),NotRunning,2147483648,0,0,670686c0736c6f301f73d53c,windows10-rdp-27-Peter_Stuart,virtualization.VmwareVirtualMachine,PoweredOff,4788,0,670686b5736c6f301f73d144,172.16.10.21
connected,3.3730159,"['172.20.1.254', '172.16.10.100', '172.16.10.101']",SpringpathControllerK8I161KPUN,172.16.10.13,Ubuntu Linux (64-bit),Running,51539607552,51539607552,100,670686c0736c6f301f73d58a,stCtlVM-WZP23400AXG,virtualization.VmwareVirtualMachine,PoweredOn,19152,646,670686b5736c6f301f73d146,172.16.10.23
disconnected,0,[],VDI-UAG-01,,Other 3.x Linux (64-bit),NotRunning,4294967296,0,0,670686c0736c6f301f73d4dc,VDI-UAG-01,virtualization.VmwareVirtualMachine,PoweredOff,4388,0,670686b5736c6f301f73d14a,172.20.1.101
